insert into pessoa (codigo, nome, email) values ('31101759944', 'Gary Freeman', 'gfreeman@email.com');
insert into pessoa (codigo, nome, email) values ('31156613762', 'Teresa Howell', 'thowell@email.com');
insert into pessoa (codigo, nome, email) values ('31211467580', 'Jack Walker', 'jwalker@email.com');
insert into pessoa (codigo, nome, email) values ('31321175216', 'Henry Edwards', 'hedwards@email.com');
insert into pessoa (codigo, nome, email) values ('31376029034', 'Lillian Black', 'lblack@email.com');
insert into pessoa (codigo, nome, email) values ('31430882852', 'Gary Robinson', 'grobinson@email.com');
insert into pessoa (codigo, nome, email) values ('31540590488', 'Victor Gordon', 'vgordon@email.com');
insert into pessoa (codigo, nome, email) values ('31595444306', 'Michelle Ramirez', 'mramirez@email.com');
insert into pessoa (codigo, nome, email) values ('31650298124', 'Christopher Lawrence', 'clawrence@email.com');
insert into pessoa (codigo, nome, email) values ('31705151942', 'Rachel Rice', 'rrice@email.com');
insert into pessoa (codigo, nome, email) values ('31814859578', 'Eugene Granturino', 'egranturino@email.com');
insert into pessoa (codigo, nome, email) values ('31869713396', 'Jean Stone', 'jstone@email.com');
insert into pessoa (codigo, nome, email) values ('31979421032', 'Jessica Graham', 'jgraham@email.com');
insert into pessoa (codigo, nome, email) values ('32034274850', 'Keith Warren', 'kwarren@email.com');
insert into pessoa (codigo, nome, email) values ('32089128668', 'Sheila Henderson', 'shenderson@email.com');
insert into pessoa (codigo, nome, email) values ('32143982486', 'Phillip Martinez', 'pmartinez@email.com');
insert into pessoa (codigo, nome, email) values ('32253690122', 'Barbara Medina', 'bmedina@email.com');
insert into pessoa (codigo, nome, email) values ('32308543940', 'Nicole Hicks', 'nhicks@email.com');
insert into pessoa (codigo, nome, email) values ('32363397758', 'Harry Lawrence', 'hlawrence@email.com');
insert into pessoa (codigo, nome, email) values ('32418251576', 'Judy Price', 'jprice@email.com');
insert into pessoa (codigo, nome, email) values ('32473105394', 'Jessica Anderson', 'janderson@email.com');
insert into pessoa (codigo, nome, email) values ('32527959212', 'Kenneth Bradley', 'kbradley@email.com');
insert into pessoa (codigo, nome, email) values ('32582813030', 'Arthur Brooks', 'abrooks@email.com');
insert into pessoa (codigo, nome, email) values ('32637666848', 'Rebecca Brooks', 'rbrooks@email.com');
insert into pessoa (codigo, nome, email) values ('32802228302', 'Peter Jackson', 'pjackson@email.com');
insert into pessoa (codigo, nome, email) values ('32857082120', 'Bruno Perez', 'aperez@email.com');
insert into pessoa (codigo, nome, email) values ('32911935938', 'Samuel Medina', 'smedina@email.com');
insert into pessoa (codigo, nome, email) values ('32966789756', 'Carolyn Banks', 'cbanks@email.com');
insert into pessoa (codigo, nome, email) values ('33076497392', 'Nancy Gibson', 'ngibson@email.com');
insert into pessoa (codigo, nome, email) values ('33131351210', 'Christina Young', 'cyoung@email.com');
insert into pessoa (codigo, nome, email) values ('33241058846', 'Charles Snyder', 'csnyder@email.com');
insert into pessoa (codigo, nome, email) values ('33295912664', 'Victor Miller', 'vmiller@email.com');
insert into pessoa (codigo, nome, email) values ('33350766482', 'Lawrence Warren', 'lwarren@email.com');
insert into pessoa (codigo, nome, email) values ('33460474118', 'Debora Hudson', 'dhudson@email.com');
insert into pessoa (codigo, nome, email) values ('33570181754', 'George Stanley', 'gstanley@email.com');
insert into pessoa (codigo, nome, email) values ('33625035572', 'Ann Ramos', 'aramos@email.com');
insert into pessoa (codigo, nome, email) values ('33679889390', 'Susan Wells', 'swells@email.com');
insert into pessoa (codigo, nome, email) values ('33789597026', 'Michelle Kennedy', 'mkennedy@email.com');
insert into pessoa (codigo, nome, email) values ('33844450844', 'Peter Berry', 'pberry@email.com');
insert into pessoa (codigo, nome, email) values ('33899304662', 'Christopher Banks', 'cbanks@email.com');
insert into pessoa (codigo, nome, email) values ('33954158480', 'Jean Ramirez', 'jramirez@email.com');
insert into pessoa (codigo, nome, email) values ('34009012298', 'Jack Powell', 'jpowell@email.com');
insert into pessoa (codigo, nome, email) values ('34173573752', 'Sharon Welch', 'swelch@email.com');
insert into pessoa (codigo, nome, email) values ('34228427570', 'Diane Hayes', 'dhayes@email.com');
insert into pessoa (codigo, nome, email) values ('34283281388', 'Kathleen Campbell', 'kcampbell@email.com');
insert into pessoa (codigo, nome, email) values ('34338135206', 'Randy Bailey', 'rbailey@email.com');
insert into pessoa (codigo, nome, email) values ('34392989024', 'Willie Sims', 'wsims@email.com');
insert into pessoa (codigo, nome, email) values ('34502696660', 'Katherine Thomas', 'kthomas@email.com');
insert into pessoa (codigo, nome, email) values ('34557550478', 'Michelle Hanson', 'mhanson@email.com');
insert into pessoa (codigo, nome, email) values ('34612404296', 'Brenda Mendoza', 'bmendoza@email.com');
insert into pessoa (codigo, nome, email) values ('34667258114', 'Steven Fuller', 'sfuller@email.com');
insert into pessoa (codigo, nome, email) values ('34722111932', 'Lillian Brown', 'lscott@email.com');
insert into pessoa (codigo, nome, email) values ('34776965750', 'Sean Williams', 'swilliams@email.com');
insert into pessoa (codigo, nome, email) values ('34831819568', 'Amanda Alvarez', 'aalvarez@email.com');
insert into pessoa (codigo, nome, email) values ('34886673386', 'Benjamin Ramos', 'bramos@email.com');
insert into pessoa (codigo, nome, email) values ('34996381022', 'Clarence Murray', 'cmurray@email.com');
insert into pessoa (codigo, nome, email) values ('35160942476', 'Rose Wallace', 'rwallace@email.com');
insert into pessoa (codigo, nome, email) values ('35215796294', 'Joan Hughes', 'jhughes@email.com');
insert into pessoa (codigo, nome, email) values ('35270650112', 'Willie Sanders', 'wsanders@email.com');
insert into pessoa (codigo, nome, email) values ('35325503930', 'Brenda Warren', 'bwarren@email.com');
insert into pessoa (codigo, nome, email) values ('35380357748', 'Theresa Walker', 'twalker@email.com');
insert into pessoa (codigo, nome, email) values ('35435211566', 'Terry Martin', 'tmartin@email.com');
insert into pessoa (codigo, nome, email) values ('35490065384', 'Wanda Climber', 'wclimber@email.com');
insert into pessoa (codigo, nome, email) values ('35654626838', 'Andrew Jacob', 'ajacobs@email.com');
insert into pessoa (codigo, nome, email) values ('35709480656', 'Thomas Oliver', 'toliver@email.com');
insert into pessoa (codigo, nome, email) values ('35764334474', 'Louise Robinson', 'lrobinson@email.com');
insert into pessoa (codigo, nome, email) values ('35819188292', 'Mark Brown', 'mbrown@email.com');
insert into pessoa (codigo, nome, email) values ('35874042110', 'Larry Anderson', 'landerson@email.com');
insert into pessoa (codigo, nome, email) values ('35928895928', 'Jerry Gibson', 'jgibson@email.com');
insert into pessoa (codigo, nome, email) values ('35983749746', 'Stephen Sims', 'ssims@email.com');
insert into pessoa (codigo, nome, email) values ('36038603564', 'Samuel Hunter', 'shunter@email.com');
insert into pessoa (codigo, nome, email) values ('36093457382', 'Melissa Larson', 'mlarson@email.com');
insert into pessoa (codigo, nome, email) values ('36203165018', 'Patricia Weaver', 'pweaver@email.com');
insert into pessoa (codigo, nome, email) values ('36258018836', 'Margarete Bishop', 'mbishop@email.com');
insert into pessoa (codigo, nome, email) values ('36422580290', 'Benjamin Jenkins', 'bjenkins@email.com');
insert into pessoa (codigo, nome, email) values ('36477434108', 'Joan Fuller', 'jfuller@email.com');
insert into pessoa (codigo, nome, email) values ('36532287926', 'Lori Wagner', 'lwagner@email.com');
insert into pessoa (codigo, nome, email) values ('36587141744', 'Joe Cole', 'jcole@email.com');
insert into pessoa (codigo, nome, email) values ('36641995562', 'Samuel Oliver', 'soliver@email.com');
insert into pessoa (codigo, nome, email) values ('36696849380', 'Nancy Rice', 'nrice@email.com');
insert into pessoa (codigo, nome, email) values ('36751703198', 'Russell Perkins', 'rperkins@email.com');
insert into pessoa (codigo, nome, email) values ('36806557016', 'Mark Simpson', 'msimpson@email.com');
insert into pessoa (codigo, nome, email) values ('36861410834', 'Christine Hamilton', 'chamilton@email.com');
insert into pessoa (codigo, nome, email) values ('36971118470', 'Phillip Gibson', 'pgibson@email.com');
insert into pessoa (codigo, nome, email) values ('37025972288', 'Cristopher Lee', 'crislee@email.com');
insert into usuario (grupo, login, senha, situacao, pessoa_codigo) values (1, '31101759944', 'senha', 1, '31101759944');
insert into usuario (grupo, login, senha, situacao, pessoa_codigo) values (1, '31156613762', 'senha', 1, '31156613762');
insert into usuario (grupo, login, senha, situacao, pessoa_codigo) values (1, '31211467580', 'senha', 1, '31211467580');
insert into usuario (grupo, login, senha, situacao, pessoa_codigo) values (1, '31321175216', 'senha', 1, '31321175216');
insert into usuario (grupo, login, senha, situacao, pessoa_codigo) values (1, '31376029034', 'senha', 1, '31376029034');
insert into usuario (grupo, login, senha, situacao, pessoa_codigo) values (1, '31430882852', 'senha', 1, '31430882852');
insert into usuario (grupo, login, senha, situacao, pessoa_codigo) values (1, '31540590488', 'senha', 1, '31540590488');
insert into usuario (grupo, login, senha, situacao, pessoa_codigo) values (1, '31595444306', 'senha', 1, '31595444306');
insert into usuario (grupo, login, senha, situacao, pessoa_codigo) values (1, '31650298124', 'senha', 1, '31650298124');
insert into usuario (grupo, login, senha, situacao, pessoa_codigo) values (1, '31705151942', 'senha', 1, '31705151942');
insert into usuario (grupo, login, senha, situacao, pessoa_codigo) values (1, '31814859578', 'senha', 1, '31814859578');
insert into usuario (grupo, login, senha, situacao, pessoa_codigo) values (1, '31869713396', 'senha', 1, '31869713396');
insert into usuario (grupo, login, senha, situacao, pessoa_codigo) values (1, '31979421032', 'senha', 1, '31979421032');
insert into usuario (grupo, login, senha, situacao, pessoa_codigo) values (1, '32034274850', 'senha', 1, '32034274850');
insert into usuario (grupo, login, senha, situacao, pessoa_codigo) values (1, '32089128668', 'senha', 1, '32089128668');
insert into usuario (grupo, login, senha, situacao, pessoa_codigo) values (1, '32143982486', 'senha', 1, '32143982486');
insert into usuario (grupo, login, senha, situacao, pessoa_codigo) values (1, '32253690122', 'senha', 1, '32253690122');
insert into usuario (grupo, login, senha, situacao, pessoa_codigo) values (1, '32308543940', 'senha', 1, '32308543940');
insert into usuario (grupo, login, senha, situacao, pessoa_codigo) values (1, '32363397758', 'senha', 1, '32363397758');
insert into usuario (grupo, login, senha, situacao, pessoa_codigo) values (1, '32418251576', 'senha', 1, '32418251576');
insert into usuario (grupo, login, senha, situacao, pessoa_codigo) values (1, '32473105394', 'senha', 1, '32473105394');
insert into usuario (grupo, login, senha, situacao, pessoa_codigo) values (1, '32527959212', 'senha', 1, '32527959212');
insert into usuario (grupo, login, senha, situacao, pessoa_codigo) values (1, '32582813030', 'senha', 1, '32582813030');
insert into usuario (grupo, login, senha, situacao, pessoa_codigo) values (1, '32637666848', 'senha', 1, '32637666848');
insert into usuario (grupo, login, senha, situacao, pessoa_codigo) values (1, '32802228302', 'senha', 1, '32802228302');
insert into usuario (grupo, login, senha, situacao, pessoa_codigo) values (1, '32857082120', 'senha', 1, '32857082120');
insert into usuario (grupo, login, senha, situacao, pessoa_codigo) values (1, '32911935938', 'senha', 1, '32911935938');
insert into usuario (grupo, login, senha, situacao, pessoa_codigo) values (1, '32966789756', 'senha', 1, '32966789756');
insert into usuario (grupo, login, senha, situacao, pessoa_codigo) values (1, '33076497392', 'senha', 1, '33076497392');
insert into usuario (grupo, login, senha, situacao, pessoa_codigo) values (1, '33131351210', 'senha', 1, '33131351210');
insert into usuario (grupo, login, senha, situacao, pessoa_codigo) values (0, '33241058846', 'senha', 1, '33241058846');
insert into usuario (grupo, login, senha, situacao, pessoa_codigo) values (0, '33295912664', 'senha', 1, '33295912664');
insert into usuario (grupo, login, senha, situacao, pessoa_codigo) values (0, '33350766482', 'senha', 1, '33350766482');
insert into usuario (grupo, login, senha, situacao, pessoa_codigo) values (0, '33460474118', 'senha', 1, '33460474118');
insert into usuario (grupo, login, senha, situacao, pessoa_codigo) values (0, '33570181754', 'senha', 1, '33570181754');
insert into usuario (grupo, login, senha, situacao, pessoa_codigo) values (0, '33625035572', 'senha', 1, '33625035572');
insert into usuario (grupo, login, senha, situacao, pessoa_codigo) values (0, '33679889390', 'senha', 1, '33679889390');
insert into usuario (grupo, login, senha, situacao, pessoa_codigo) values (0, '33789597026', 'senha', 1, '33789597026');
insert into usuario (grupo, login, senha, situacao, pessoa_codigo) values (0, '33844450844', 'senha', 1, '33844450844');
insert into usuario (grupo, login, senha, situacao, pessoa_codigo) values (0, '33899304662', 'senha', 1, '33899304662');
insert into usuario (grupo, login, senha, situacao, pessoa_codigo) values (0, '33954158480', 'senha', 1, '33954158480');
insert into usuario (grupo, login, senha, situacao, pessoa_codigo) values (0, '34009012298', 'senha', 1, '34009012298');
insert into usuario (grupo, login, senha, situacao, pessoa_codigo) values (0, '34173573752', 'senha', 1, '34173573752');
insert into usuario (grupo, login, senha, situacao, pessoa_codigo) values (0, '34228427570', 'senha', 1, '34228427570');
insert into usuario (grupo, login, senha, situacao, pessoa_codigo) values (0, '34283281388', 'senha', 1, '34283281388');
insert into usuario (grupo, login, senha, situacao, pessoa_codigo) values (0, '34338135206', 'senha', 1, '34338135206');
insert into usuario (grupo, login, senha, situacao, pessoa_codigo) values (0, '34392989024', 'senha', 1, '34392989024');
insert into usuario (grupo, login, senha, situacao, pessoa_codigo) values (0, '34502696660', 'senha', 1, '34502696660');
insert into usuario (grupo, login, senha, situacao, pessoa_codigo) values (0, '34557550478', 'senha', 1, '34557550478');
insert into usuario (grupo, login, senha, situacao, pessoa_codigo) values (0, '34612404296', 'senha', 1, '34612404296');
insert into usuario (grupo, login, senha, situacao, pessoa_codigo) values (0, '34667258114', 'senha', 1, '34667258114');
insert into usuario (grupo, login, senha, situacao, pessoa_codigo) values (0, '34722111932', 'senha', 1, '34722111932');
insert into usuario (grupo, login, senha, situacao, pessoa_codigo) values (0, '34776965750', 'senha', 1, '34776965750');
insert into usuario (grupo, login, senha, situacao, pessoa_codigo) values (0, '34831819568', 'senha', 1, '34831819568');
insert into usuario (grupo, login, senha, situacao, pessoa_codigo) values (0, '34886673386', 'senha', 1, '34886673386');
insert into usuario (grupo, login, senha, situacao, pessoa_codigo) values (0, '34996381022', 'senha', 1, '34996381022');
insert into usuario (grupo, login, senha, situacao, pessoa_codigo) values (0, '35160942476', 'senha', 1, '35160942476');
insert into usuario (grupo, login, senha, situacao, pessoa_codigo) values (0, '35215796294', 'senha', 1, '35215796294');
insert into usuario (grupo, login, senha, situacao, pessoa_codigo) values (0, '35270650112', 'senha', 1, '35270650112');
insert into usuario (grupo, login, senha, situacao, pessoa_codigo) values (0, '35325503930', 'senha', 1, '35325503930');
insert into usuario (grupo, login, senha, situacao, pessoa_codigo) values (0, '35380357748', 'senha', 1, '35380357748');
insert into usuario (grupo, login, senha, situacao, pessoa_codigo) values (0, '35435211566', 'senha', 1, '35435211566');
insert into usuario (grupo, login, senha, situacao, pessoa_codigo) values (0, '35490065384', 'senha', 1, '35490065384');
insert into usuario (grupo, login, senha, situacao, pessoa_codigo) values (0, '35654626838', 'senha', 1, '35654626838');
insert into usuario (grupo, login, senha, situacao, pessoa_codigo) values (0, '35709480656', 'senha', 1, '35709480656');
insert into usuario (grupo, login, senha, situacao, pessoa_codigo) values (0, '35764334474', 'senha', 1, '35764334474');
insert into usuario (grupo, login, senha, situacao, pessoa_codigo) values (0, '35819188292', 'senha', 1, '35819188292');
insert into usuario (grupo, login, senha, situacao, pessoa_codigo) values (0, '35874042110', 'senha', 1, '35874042110');
insert into usuario (grupo, login, senha, situacao, pessoa_codigo) values (0, '35928895928', 'senha', 1, '35928895928');
insert into usuario (grupo, login, senha, situacao, pessoa_codigo) values (0, '35983749746', 'senha', 1, '35983749746');
insert into usuario (grupo, login, senha, situacao, pessoa_codigo) values (0, '36038603564', 'senha', 1, '36038603564');
insert into usuario (grupo, login, senha, situacao, pessoa_codigo) values (0, '36093457382', 'senha', 1, '36093457382');
insert into usuario (grupo, login, senha, situacao, pessoa_codigo) values (0, '36203165018', 'senha', 1, '36203165018');
insert into usuario (grupo, login, senha, situacao, pessoa_codigo) values (0, '36258018836', 'senha', 1, '36258018836');
insert into usuario (grupo, login, senha, situacao, pessoa_codigo) values (0, '36422580290', 'senha', 1, '36422580290');
insert into usuario (grupo, login, senha, situacao, pessoa_codigo) values (0, '36477434108', 'senha', 1, '36477434108');
insert into usuario (grupo, login, senha, situacao, pessoa_codigo) values (0, '36532287926', 'senha', 1, '36532287926');
insert into usuario (grupo, login, senha, situacao, pessoa_codigo) values (0, '36587141744', 'senha', 1, '36587141744');
insert into usuario (grupo, login, senha, situacao, pessoa_codigo) values (0, '36641995562', 'senha', 1, '36641995562');
insert into usuario (grupo, login, senha, situacao, pessoa_codigo) values (0, '36696849380', 'senha', 1, '36696849380');
insert into usuario (grupo, login, senha, situacao, pessoa_codigo) values (0, '36751703198', 'senha', 1, '36751703198');
insert into usuario (grupo, login, senha, situacao, pessoa_codigo) values (0, '36806557016', 'senha', 1, '36806557016');
insert into usuario (grupo, login, senha, situacao, pessoa_codigo) values (0, '36861410834', 'senha', 1, '36861410834');
insert into usuario (grupo, login, senha, situacao, pessoa_codigo) values (0, '36971118470', 'senha', 1, '36971118470');
insert into usuario (grupo, login, senha, situacao, pessoa_codigo) values (0, '37025972288', 'senha', 1, '37025972288');
insert into curso (codigo, nome, sigla, situacao) values ('010', 'Tecnologia em Agronegócio', 'AGRO', 1);
insert into curso (codigo, nome, sigla, situacao) values ('030', 'Tecnologia em Jogos Digitais', 'JOGOS', 1);
insert into curso (codigo, nome, sigla, situacao) values ('040', 'Tecnologia em Segurança da Informação', 'SEG', 1);
insert into curso (codigo, nome, sigla, situacao) values ('070', 'Tecnologia em Análise e Desenvolvimento de Sistemas', 'ADS', 1);